team_id,team_name,extracted_time_utc,country_id,province_name
1,Tas Tigers M,2025-04-27 15:13:25.097,1,TAS
2,Qld Bulls M,2025-04-27 15:13:25.097,1,QLD
3,NSW Blues M,2025-04-27 15:12:59.063,1,NSW
5,SA Redbacks M,2025-04-27 15:12:39.577,1,SA
6,WA M,2025-04-27 15:12:59.063,1,WA
1001,Pakistan M,2025-04-27 15:10:39.973,5,NULL
1004,Australia M,2025-04-27 15:13:53.213,1,AUS
1006,England M,2025-04-27 15:13:49.460,320001,ENG
1007,Sri Lanka M,2025-04-27 15:13:49.460,610003,LKA
1013,West Indies M,2025-04-27 15:08:49.303,7,NULL
1014,Scotland M,2025-04-27 14:35:20.323,880003,NULL
1015,New Zealand M,2025-04-27 15:02:26.537,610004,NZL
1016,Bangladesh M,2025-04-27 14:49:38.600,330001,BAN
1017,India M,2025-04-27 15:13:53.213,610001,IND
1018,Zimbabwe M,2025-04-27 15:11:28.910,610002,NULL
1019,South Africa M,2025-04-27 15:13:40.977,6,ZFA
1020,Kenya M,2025-04-27 14:36:11.833,9,NULL
2000,NZ EPT F,2025-04-22 15:14:08.857,610004,NZL
10008,Lahore Qalandars M,2025-04-27 14:04:17.170,5,NULL
10009,Karachi Kings M,2025-04-24 14:02:04.407,5,NULL
10010,Quetta Gladiators M,2025-04-25 13:57:19.973,5,NULL
20003,Aus Intellectual Disability,2025-04-18 14:37:37.023,1,AUS
20004,England - Learning Disability,2025-04-18 14:37:37.023,320001,ENG
30032,Victoria M,2025-04-27 15:12:19.007,1,VIC
30068,ACT Comets M,2025-04-27 15:03:55.033,1,ACT
30075,COE FLT20 M,2025-04-23 15:00:29.607,1,AUS
30076,ACT/NSW Country U19 M,2025-04-21 15:10:59.383,1,ANC
30077,Qld Metro U19 M,2025-04-24 14:53:32.643,1,QLD
30078,SA U19 M,2025-04-27 14:14:22.603,1,SA
30079,NSW Metro U19 M,2025-04-26 14:09:46.230,1,NSW
30080,Tas U19 M,2025-04-22 14:18:09.253,1,TAS
30081,Vic Metro U19 M,2025-04-26 14:09:46.230,1,VIC
30082,WA U19 M,2025-04-22 14:18:34.283,1,WA
30083,NT U19 M,2025-04-22 14:18:21.670,1,NT
100014,Canada M,2025-04-27 14:35:05.743,8,CAN
100018,Australia A M,2025-04-27 14:42:55.627,1,AUS
220005,India F,2025-04-27 15:00:30.330,610001,IND
220006,England F,2025-04-27 15:01:46.270,320001,ENG
220008,West Indies F,2025-04-27 14:18:44.003,7,NULL
300001,Australia U19 M,2025-04-27 15:03:08.303,1,AUS
300002,Pakistan U19 M,2025-04-27 14:47:47.877,5,NULL
380005,Punjab M,2025-04-27 14:51:34.713,610001,NULL
380006,Andhra M,2025-04-20 15:38:08.547,610001,AND
380007,Rajasthan M,2025-04-24 15:09:47.880,610001,NULL
380008,Combined Districts M,2025-03-28 15:44:41.073,1,NULL
380009,Malaysia U19 M,2025-03-30 16:12:07.010,11,NULL
380010,Zimbabwe U19 M,2025-04-27 14:05:45.480,610002,NULL
380011,West Indies U19 M,2025-04-27 15:00:34.387,7,NULL
380012,Namibia U19 M,2025-04-27 14:05:45.480,750002,NULL
380013,Nepal U19 M,2025-04-19 15:35:54.383,10,NULL
380014,Sri Lanka U19 M,2025-04-27 15:03:08.303,610003,LKA
380016,England U19 M,2025-04-26 14:35:43.090,320001,ENG
380018,Trial Team 1 M,2025-04-25 14:35:39.270,1,NULL
380019,New Zealand EPT M,2025-04-27 15:01:37.787,610004,NZL
380027,India U19 M,2025-04-27 15:01:32.587,610001,IND
380029,Pakistan A M,2025-04-26 14:52:47.113,5,NULL
380031,AIS M,2025-04-27 15:08:05.587,1,AUS
380034,Karnataka M,2025-04-25 15:08:24.717,610001,NULL
380035,Maharastra M,2025-04-24 15:04:48.597,610001,NULL
380036,EAP M,2025-04-06 15:47:24.487,610001,NULL
380037,ASG M,2025-04-06 15:47:24.487,610001,NULL
380038,USA U19 M,2025-04-26 14:10:51.190,540002,NULL
380039,Ireland U19 M,2025-04-25 14:21:41.083,900001,IRE
380040,South Africa U19 M,2025-04-27 14:05:57.713,6,ZFA
380041,New Zealand U19 M,2025-04-27 14:06:08.920,610004,NZL
380043,Sri Lanka A M,2025-04-25 15:06:52.183,610003,LKA
460001,NSW Breakers F,2025-04-27 15:01:25.183,1,NSW
460003,WA F,2025-04-27 15:01:21.130,1,WA
520001,India EPT M,2025-04-27 15:01:42.037,610001,IND
520003,South Africa EPT M,2025-04-27 15:08:05.587,6,ZFA
520006,South Africa Academy M,2025-04-26 15:39:01.377,6,ZFA
520007,VIS M,2025-04-20 15:39:44.833,1,VIC
520008,Australia U18 M,2025-04-20 15:39:44.833,1,AUS
520019,Australia F,2025-04-27 15:06:46.117,1,AUS
520020,New Zealand A F,2025-04-14 14:03:40.640,610004,NZL
520021,New Zealand F,2025-04-27 14:42:13.940,610004,NZL
540001,USA M,2025-04-27 14:00:28.420,540002,NULL
560002,SA Scorpions F,2025-04-27 15:02:06.737,1,SA
560003,Qld Fire F,2025-04-27 15:02:00.007,1,QLD
700001,ICC World XI M,2025-04-14 15:54:02.817,2790003,ICC
720004,Victoria F,2025-04-27 15:01:29.207,1,VIC
750001,Netherlands M,2025-04-27 14:35:20.323,750001,NULL
750002,Namibia M,2025-04-27 15:12:12.470,750002,NULL
750017,Trial Team 2 M,2025-04-24 14:38:46.617,1,NULL
860003,Sri Lanka F,2025-04-27 14:53:43.447,610003,LKA
860004,South Africa F,2025-04-27 14:52:17.610,6,ZFA
860005,Pakistan F,2025-04-27 14:50:40.603,5,NULL
880001,South Africa Pres XI M,2025-04-20 15:34:09.327,6,ZFA
880004,Sussex M,2025-04-27 14:51:23.180,320001,NULL
900003,Ireland M,2025-04-27 14:56:03.490,900001,IRE
920004,ACT Meteors F,2025-04-27 15:02:00.007,1,ACT
920005,Tas Tigers F,2025-04-27 15:02:06.737,1,TAS
1070049,Adelaide Strikers M,2025-04-27 14:59:44.767,1,SA
1070050,Brisbane Heat M,2025-04-27 14:47:39.863,1,QLD
1070051,Hobart Hurricanes M,2025-04-27 14:46:42.013,1,TAS
1070052,Melbourne Renegades M,2025-04-27 14:46:37.850,1,VIC
1070053,Melbourne Stars M,2025-04-27 15:01:07.510,1,VIC
1070054,Sydney Sixers M,2025-04-27 15:01:07.510,1,NULL
1070055,Sydney Thunder M,2025-04-27 14:59:02.923,1,NSW
1070056,Perth Scorchers M,2025-04-27 14:58:08.183,1,WA
1070057,ACT/NSW Country U17 M,2025-04-27 14:52:56.287,1,ANC
1070058,NSW Metro U17 M,2025-04-27 14:52:56.287,1,NSW
1070059,Qld U17 M,2025-04-27 14:53:28.270,1,QLD
1070060,SA U17 M,2025-04-27 14:53:02.240,1,SA
1070061,Tas U17 M,2025-04-27 14:53:19.727,1,TAS
1070063,Vic Metro U17 M,2025-04-27 14:53:28.270,1,VIC
1070064,WA U17 M,2025-04-27 14:53:11.360,1,WA
1070065,NT U17 M,2025-04-27 14:53:11.360,1,NT
1070067,PMs XI M,2025-04-24 14:36:01.357,1,NULL
1310002,South Africa A M,2025-04-27 14:43:03.547,6,ZFA
1310003,India A M,2025-04-27 14:53:46.543,610001,IND
1440002,Red Team M,2025-04-25 14:44:26.770,1,QLD
1440003,White Team M,2025-04-10 15:28:32.660,1,NULL
1440008,U18 Camp Blue M,2025-04-22 15:10:58.343,1,NULL
1440009,U18 Camp White M,2025-04-22 15:10:58.343,1,NULL
1440012,QAS M,2025-04-27 15:00:34.387,1,NULL
1440013,Scotland U19 M,2025-04-27 14:05:57.713,880003,NULL
1450006,Gloucestershire M,2025-04-27 14:51:08.050,320001,NULL
1490005,Indian Board XI F,2025-04-10 15:45:09.897,610001,NULL
1580007,Scorpions City F,2025-04-27 14:19:12.023,1,SA
1580008,Scorpions Country F,2025-04-27 14:19:12.023,1,SA
1590001,England Academy F,2025-04-21 15:22:10.360,320001,ENG
1590003,Chairman's XI M,2025-04-19 15:26:06.697,1,AUS
1590006,England A F,2025-04-27 13:16:03.263,320001,ENG
1590007,Ireland F,2025-04-27 14:58:04.033,900001,IRE
1610001,SA Red M,2025-04-27 14:00:32.467,1,SA
1610002,SA Black M,2025-04-27 14:00:32.467,1,SA
1940012,Australia U16 M,2025-04-27 14:54:19.060,1,AUS
1940013,Pakistan U16 M,2025-04-27 14:54:19.060,5,NULL
2070001,Afghanistan M,2025-04-27 14:42:30.537,2540001,AFG
2540006,Afghanistan U19 M,2025-04-27 14:20:25.280,2540001,AFG
2540007,Bangladesh U19 M,2025-04-26 14:10:51.190,330001,BAN
2580001,Victoria U18 F,2025-04-27 14:52:34.450,1,VIC
2580002,SA U18 F,2025-04-27 14:48:24.770,1,SA
2580003,Tas U18 F,2025-04-27 14:52:38.173,1,TAS
2580004,WA U19 F,2025-04-27 14:52:30.310,1,WA
2580005,Qld U18 F,2025-04-25 14:52:37.630,1,QLD
2580006,CAXI U18 F,2025-04-27 14:48:22.983,1,AUS
2580007,NSW Metro U18 F,2025-04-27 14:52:38.173,1,NSW
2580008,ACT/NSW Country U18 F,2025-04-27 14:52:30.310,1,ANC
2700002,NSW Green U15 M,2025-04-27 14:51:51.803,1,NSW
2700003,Vic Metro U15 M,2025-04-27 14:33:07.450,1,VIC
2700004,NT U15 M,2025-04-27 14:33:19.833,1,NT
2700006,Vic Country U15 M,2025-04-27 14:32:39.767,1,VIC
2700007,NSW Magenta U15 M,2025-04-27 14:51:42.980,1,NSW
2780001,National Performance Squad M,2025-04-27 14:53:46.543,1,NULL
2780003,Green CA U19 Team M,2025-04-26 14:29:56.563,1,AUS
2780004,Gold CA U19 Team M,2025-04-26 14:29:56.563,1,AUS
2780005,CA XI F,2025-04-27 15:06:46.117,1,AUS
2780010,PNG M,2025-04-27 14:36:11.833,2790002,NULL
2780012,ACT/NSW Country U15 F,2025-04-27 14:32:47.710,1,ANC
2780013,NSW Metro U15 F,2025-04-27 14:32:47.710,1,NSW
2780014,Qld U15 F,2025-04-27 14:32:53.293,1,QLD
2780015,SA U15 F,2025-04-27 14:32:53.293,1,NULL
2780016,Tas U15 F,2025-04-27 14:33:07.087,1,TAS
2780017,Vic Metro U15 F,2025-04-27 14:33:00.103,1,VIC
2780018,Vic Country U15 F,2025-04-27 14:33:00.103,1,VIC
2780019,WA U15 F,2025-04-27 14:33:07.087,1,WA
2790009,Supernovas F,2025-04-22 14:53:27.060,610001,NULL
2790010,Trailblazers F,2025-04-22 14:53:27.060,610001,NULL
2790011,Loughborough Lightning F,2025-04-27 14:42:43.327,320001,NULL
2790012,Southern Vipers F,2025-04-27 14:01:59.883,1,NULL
2790013,Surrey Stars F,2025-04-27 14:42:43.327,320001,NULL
2790014,Western Storm F,2025-04-27 14:42:39.193,320001,NULL
2790015,Yorkshire Diamonds F,2025-04-27 14:43:32.403,320001,NULL
2790016,Lancashire Thunder F,2025-04-27 14:43:32.403,320001,NULL
2790017,Bangladesh F,2025-04-27 14:32:23.783,330001,BAN
2790018,Australia A F,2025-04-27 14:33:33.687,1,AUS
2790141,Oman M,2025-04-27 14:35:12.380,2790034,NULL
2790143,Nepal M,2025-04-27 14:36:24.487,10,NULL
2790144,Hong Kong M,2025-04-27 14:36:08.857,2790035,HKG
2790145,Jersey M,2025-04-27 14:35:12.380,2790036,JEY
2790146,Bermuda M,2025-04-26 14:46:34.903,2790037,NULL
2790147,United Arab Emirates M,2025-04-27 14:35:05.743,880001,NULL
2790148,Nigeria M,2025-04-27 14:36:08.857,3630001,NULL
2790149,Singapore M,2025-04-26 14:46:26.533,4440001,NULL
2790150,United Arab Emirates U19 M,2025-04-25 14:21:40.707,880001,NULL
2790156,MI New York M,2025-04-27 14:08:12.633,540002,New York
2790157,San Francisco Unicorns M,2025-04-26 14:02:20.780,540002,San Francisco
2790158,Seattle Orcas,2025-04-27 14:08:06.710,540002,Seattle
2790159,Texas Super Kings M,2025-04-27 14:08:06.710,540002,Texas
2790160,Washington Freedom M,2025-04-27 14:08:12.633,540002,Washington
2790161,Los Angeles Night Riders,2025-04-23 14:00:42.033,540002,Los Angeles
2850001,Qld U15 M,2025-04-27 14:32:39.767,1,QLD
2850002,ACT/NSW Country U15 M,2025-04-27 14:33:14.287,1,ANC
2850003,SA U15 M,2025-04-27 14:51:51.803,1,SA
2850005,Tas U15 M,2025-04-27 14:51:42.980,1,TAS
2850006,WA U15 M,2025-04-27 14:33:14.287,1,WA
2850008,NSW U15 M,2025-04-19 15:13:35.170,1,NSW
2950003,CA XI M,2025-04-27 14:49:14.297,1,AUS
2950004,Adelaide Strikers F,2025-04-27 14:52:09.220,1,SA
2950005,Brisbane Heat F,2025-04-27 14:52:09.487,1,QLD
2950006,Hobart Hurricanes F,2025-04-27 14:52:09.220,1,TAS
2950007,Melbourne Renegades F,2025-04-27 14:52:13.753,1,VIC
2950008,Melbourne Stars F,2025-04-27 14:54:06.850,1,NULL
2950009,Perth Scorchers F,2025-04-27 14:54:10.750,1,WA
2950010,Sydney Sixers F,2025-04-27 14:47:31.273,1,NULL
2950011,Sydney Thunder F,2025-04-27 14:54:10.750,1,NULL
2950012,CA XI U17 M,2025-04-27 14:53:19.727,1,AUS
2950013,Vic Country U17 M,2025-04-27 14:53:02.240,1,VIC
2950017,CA XI U19 M,2025-04-15 14:53:54.317,1,AUS
2950018,Vic Country U19 M,2025-04-22 14:17:55.530,1,VIC
3000001,National Indigenous Squad M,2025-04-27 14:53:54.577,1,NULL
3060003,Board President XI M,2025-04-12 14:58:50.197,610001,NULL
3060004,Gov General's XI F,2025-04-27 13:54:11.313,1,AUS
3110001,NT XI M,2025-04-13 14:47:19.857,1,NT
3110002,Bangladesh Academy M,2025-04-18 13:59:46.370,330001,BAN
3360001,Green Trial U15 F,2025-04-27 14:52:00.957,1,AUS
3360002,Gold Trial U15 F,2025-04-27 14:52:00.957,1,AUS
3380001,Rookie Camp 1 M,2025-04-19 15:10:30.820,1,NULL
3380002,Rookie Camp 2 M,2025-04-19 15:10:30.820,1,NULL
3440001,Dolphins F,2025-04-23 14:22:09.280,1,AUS
3440003,MCA 17 M,2025-04-16 14:45:09.810,11,NULL
3450001,Northern Tide M,2025-04-24 14:53:57.833,1,NT
3450002,City Cyclones M,2025-04-25 14:50:10.263,1,NT
3450003,Southern Storm M,2025-04-25 14:50:10.263,1,NT
3450004,Desert Blaze M,2025-04-25 14:33:09.350,1,NT
3550006,National Performance Squad F,2025-04-25 14:37:53.907,1,NULL
3550007,Ponting XI M,2025-04-05 15:00:11.157,1,NULL
3550008,Gilchrist XI M,2025-04-05 15:00:11.157,1,AUS
3550009,Perry XI F,2025-04-27 13:10:33.593,1,NULL
3550010,Lanning XI F,2025-04-27 13:10:33.593,1,NULL
3550012,North Hobart M,2025-04-06 14:46:07.637,1,TAS
3550013,Australia U19 F,2025-04-27 14:13:25.143,1,AUS
3550014,England U19 F,2025-04-27 14:13:25.143,320001,ENG
3550015,South Africa U19 F,2025-04-27 14:13:56.827,6,ZFA
3550016,India B M,2025-04-27 14:42:55.627,610001,IND
3550017,Vic Metro U18 F,2025-04-24 14:42:04.513,1,VIC
3550018,VIC Country U18 F,2025-04-24 14:42:21.327,1,VIC
3550019,NT U18 F,2025-04-24 14:42:12.587,1,NT
3550021,Carlton Blues M,2025-04-06 14:45:59.013,1,VIC
3550023,Dandenong Panthers M,2025-04-06 14:46:03.263,1,VIC
3550024,East Torrens DCC M,2025-04-06 14:46:03.263,1,SA
3550025,Melville Cricket Club,2025-04-06 14:45:54.717,1,NULL
3550027,Sutherland DCC M,2025-04-06 14:45:59.013,1,NULL
3550028,Sydney University Cricket Club M,2025-04-06 14:46:07.637,1,NULL
3550029,Tuggeranong Valley CC M,2025-04-06 14:46:11.990,1,NULL
3550030,University of Queensland Cricket Club M,2025-04-06 14:45:54.717,1,QLD
3550031,City Cyclones F,2025-04-01 14:47:59.697,1,NT
3550032,Northern Tide F,2025-04-02 14:55:30.587,1,NT
3600001,Rostrevor College,2025-04-12 13:59:05.903,1,NULL
3600002,Scotch College,2025-04-13 13:59:28.940,1,NULL
3600003,SA U19 North F,2025-04-26 14:09:27.883,1,SA
3600004,SA U19 South F,2025-04-26 14:09:27.883,1,SA
3630003,PNG U19 M,2025-04-26 14:35:49.703,2790002,NULL
3630004,Australia - MRF - Team 1 M,2025-03-30 15:41:37.683,1,AUS
3630005,Australia - MRF - Team 2,2025-03-30 15:41:37.683,1,AUS
3630006,MRF Academy M,2025-04-14 14:46:43.467,610001,NULL
3630007,Kerala M,2025-04-24 14:37:16.657,610001,NULL
3630008,Canada U19 M,2025-04-25 14:21:41.083,8,CAN
3630010,Nigeria U19 M,2025-04-20 14:44:00.983,3630001,NULL
3710001,Auckland Aces M,2025-04-27 14:47:07.520,610004,AKL
3710004,Auckland Hearts F,2025-04-19 14:49:22.943,610004,AKL
3740001,Griffith XI F,2025-04-19 14:40:34.793,1,NSW
3740002,Darlington XI F,2025-04-12 14:40:15.953,1,NSW
3740003,Smith XI,2025-04-19 14:40:34.793,1,NSW
3760002,Worcestershire M,2025-04-27 14:51:28.200,320001,NULL
3760003,Derbyshire M,2025-04-27 14:51:05.093,320001,NULL
3760004,Haddin XI M,2025-04-23 14:34:59.667,1,AUS
3760005,Hick XI M,2025-04-23 14:34:59.667,1,AUS
3760006,Victoria A M,2025-04-15 14:25:52.483,1,VIC
3780001,Strikers Blue M,2025-04-16 14:27:26.293,1,SA
3780002,Strikers Black M,2025-04-16 14:27:26.293,1,SA
3780003,SA Western Grit U14 M,2025-04-10 14:52:54.577,1,SA
3780004,SA Southern Force U14 M,2025-04-10 14:52:54.900,1,SA
3780005,SA Northern Mavericks U14 M,2025-04-10 14:52:54.900,1,SA
3780006,SA Country Black U14 M,2025-04-10 14:52:47.023,1,SA
3780007,SA Country Red U14 M,2025-04-10 14:52:47.023,1,SA
3780008,SA Eastern Edge U14 M,2025-04-10 14:52:54.577,1,SA
3890001,India A F,2025-04-23 14:30:42.697,610001,IND
3890002,Sharks F,2025-04-23 14:22:09.280,1,AUS
3900001,Qld Flames F,2025-04-27 13:17:30.040,1,QLD
3900002,Qld Burners F,2025-04-14 14:38:45.690,1,QLD
4060001,Southern Districts U12 M,2025-04-18 14:45:01.533,1,NULL
4060002,Sturt U12 M,2025-04-20 14:53:35.567,1,NULL
4060003,Adelaide U12 M,2025-04-20 14:53:29.487,1,SA
4060004,Port Adelaide U12 M,2025-04-17 14:44:07.093,1,SA
4060005,Glenelg U12 M,2025-04-20 14:53:35.567,1,SA
4060006,SA U19 Red M,2025-04-26 14:09:16.277,1,SA
4060007,SA U19 Blue M,2025-04-26 14:09:16.277,1,SA
4060008,SA U15 Blue M,2025-04-24 14:22:34.257,1,SA
4060009,SA U15 Grey M,2025-04-24 14:23:09.190,1,SA
4060012,Darren Lehmann Academy M,2025-04-27 14:14:22.603,1,SA
4060013,SA U16 Blue M,2025-04-03 14:37:28.833,28,SA
4060014,SA U16 M,2025-04-13 13:59:28.940,1,SA
4060015,Prospect M,2025-04-27 14:05:22.250,1,SA
4060016,Sturt M,2025-04-07 14:01:16.840,1,NULL
4060017,Southern District M,2025-04-27 13:56:15.267,1,SA
4060018,Adelaide Cricket Club M,2025-04-16 14:05:10.707,1,SA
4060019,Northern Districts CC M,2025-04-27 13:47:31.227,1,SA
4100001,Finch XI M,2025-04-01 14:25:55.653,1,AUS
4100002,Cummins XI M,2025-04-01 14:25:55.653,1,NULL
4120001,Northern Districts U12 M,2025-04-18 14:44:57.123,1,SA
4120002,West Torrens U12 M,2025-04-16 14:43:15.010,1,NULL
4120003,Prospect U12 M,2025-04-18 14:44:52.890,1,SA
4120006,Woodville U12 M,2025-04-20 14:53:29.487,1,NULL
4120012,SA Country U16 M,2025-04-23 14:39:29.173,1,SA
4120013,SA Southern Force U16 M,2025-04-23 14:39:37.327,1,SA
4120014,SA Eastern Edge U16 M,2025-04-23 14:39:37.327,1,SA
4120015,SA Northern Mavericks U16 M,2025-04-23 14:39:33.077,1,SA
4120016,SA Western Grit U16 M,2025-04-23 14:39:29.173,1,SA
4210001,PNG F,2025-04-25 14:12:24.277,2790002,NULL
4210002,Bichel's Prickles,2025-04-10 14:57:00.597,1,QLD
4210003,Flint Tropics M,2025-04-10 14:57:00.597,1,QLD
4290001,SA Western Grit M,2025-04-14 14:45:01.557,1,SA
4290002,SA Southern Force M,2025-04-14 14:44:52.947,1,SA
4290003,SA Northern Mavericks M,2025-04-14 14:44:52.947,1,SA
4290004,SA Eastern Edge M,2025-04-14 14:45:01.557,1,SA
4290005,SA U17 Red M,2025-04-21 14:12:44.810,1,SA
4290006,SA U17 Blue M,2025-04-21 14:12:44.810,1,SA
4290007,SACA XI F,2025-04-18 14:06:44.863,1,SA
4290008,SA U19 F,2025-04-25 14:13:33.277,1,SA
4290010,Prince Alfred College M,2025-04-17 14:11:06.917,1,SA
4290011,Adelaide High School M,2025-04-10 14:40:58.340,1,SA
4290012,SA Outbacks M,2025-04-07 14:34:50.210,1,SA
4310001,Sturt F,2025-03-30 15:24:43.440,1,NULL
4310002,West Torrens F,2025-04-27 14:34:14.453,1,NULL
4310003,SA U15 Red M,2025-04-24 14:22:34.257,1,SA
4310004,SA U15 Black M,2025-04-24 14:23:09.190,1,SA
4310006,SA Eastern Edge U18 M,2025-04-23 14:28:48.507,1,SA
4310007,SA Western Grit U18 M,2025-04-23 14:29:00.053,1,SA
4310008,SA Northern Mavericks U18 M,2025-04-23 14:28:48.507,1,SA
4310009,SA Southern Force U18 M,2025-04-23 14:29:00.053,1,SA
4350001,Thailand F,2025-04-27 14:21:00.310,4350001,NULL
4350002,Scotland F,2025-04-27 14:01:39.177,880003,NULL
4350003,USA F,2025-04-27 14:21:00.310,540002,NULL
4350004,Namibia F,2025-04-01 14:47:10.380,750002,NULL
4350005,Netherlands F,2025-04-27 14:01:51.413,750001,NULL
4350064,Chennai Super Kings M,2025-04-27 14:43:44.940,610001,NULL
4350065,Delhi Capitals M,2025-04-27 14:44:43.223,610001,NULL
4350066,Kolkata Knight Riders,2025-04-27 14:44:43.223,610001,NULL
4350067,Mumbai Indians M,2025-04-27 14:17:47.800,610001,NULL
4350068,Punjab Kings M,2025-04-27 14:39:25.947,610001,NULL
4350069,Rajastan Royals M,2025-04-27 14:39:14.640,610001,NULL
4350070,Royal Challengers Bangalore M,2025-04-27 14:50:56.330,610001,NULL
4350071,Sunrisers Hyderabad M,2025-04-27 14:43:44.940,610001,NULL
4350073,Gujarat Lions M,2025-04-27 14:50:56.330,610001,NULL
4350076,Rising Pune Supergiants M,2025-04-26 15:06:46.240,610001,NULL
4350077,West Indies A F,2025-04-16 14:30:21.140,7,NULL
4350078,Zimbabwe F,2025-04-27 14:20:59.913,610002,NULL
4350079,Malaysia M,2025-04-25 14:10:13.340,11,NULL
4350084,Gujarat Titans M,2025-04-27 14:17:34.563,610001,NULL
4350085,Lucknow Super Giants,2025-04-27 14:01:31.367,610001,NULL
4350086,Kent M,2025-04-27 14:51:15.693,320001,NULL
4350087,Sri Lanka Devt M,2025-04-27 14:16:54.587,610003,LKA
4350089,Pakistan A F,2025-04-16 14:30:21.140,5,NULL
4350090,Bahrain M,2025-04-26 14:21:23.790,4350006,NULL
4350091,Germany M,2025-04-24 14:19:16.800,4350007,NULL
4350092,Phillipines M,2025-04-24 14:19:16.800,4350008,NULL
4350093,Essex M,2025-04-27 14:50:10.483,320001,NULL
4350094,Glamorgan M,2025-04-27 14:51:08.050,320001,NULL
4350095,Hampshire M,2025-04-27 14:51:15.693,320001,NULL
4350096,Lancashire M,2025-04-27 14:45:00.710,320001,NULL
4350097,Leicestershire M,2025-04-27 14:45:23.233,320001,NULL
4350098,Middlesex M,2025-04-27 14:51:23.180,320001,NULL
4350099,Nottinghamshire M,2025-04-27 14:51:28.200,320001,NULL
4350100,Somersetshire M,2025-04-27 14:50:03.010,320001,NULL
4350101,Warwickshire M,2025-04-27 14:51:00.040,320001,NULL
4350102,Yorkshire M,2025-04-27 14:45:40.787,320001,NULL
4350103,Bedfordshire M,2025-04-20 14:37:41.063,320001,NULL
4350104,Northumberland M,2025-04-20 14:36:52.580,320001,NULL
4350105,Surrey M,2025-04-27 14:45:00.710,320001,NULL
4350106,Durham M,2025-04-27 14:51:05.093,320001,NULL
4350107,Cambridge University M,2025-04-23 14:21:06.713,320001,NULL
4350108,Cambridgeshire M,2025-04-20 14:36:47.177,320001,NULL
4350109,Cardiff UCEE M,2025-04-02 14:08:52.107,320001,NULL
4350110,Cornwall M,2025-04-20 14:37:16.937,320001,NULL
4350111,County Select XI M,2025-04-20 14:37:48.920,320001,ENG
4350112,Cumberland M,2025-04-20 14:37:33.337,320001,NULL
4350113,Durham UCCE M,2025-04-23 14:13:46.107,320001,NULL
4350114,Herefordshire M,2025-04-22 14:25:55.673,320001,NULL
4350115,Leeds Bradford UCCE M,2025-04-02 14:08:51.837,320001,NULL
4350116,Loughborough M,2025-04-22 14:22:51.090,320001,NULL
4350117,Northamptonshire M,2025-04-27 14:51:00.040,320001,NULL
4350118,Oxford UCCE M,2025-04-02 14:08:51.597,320001,NULL
4350119,Oxford University M,2025-04-23 14:21:06.713,320001,NULL
4350120,Oxfordshire M,2025-04-20 14:36:59.997,320001,NULL
4350121,Wales Minor Counties M,2025-04-20 14:37:08.287,1620001,NULL
4350122,Wiltshire M,2025-04-20 14:37:25.447,320001,NULL
4350124,Uganda U19 M,2025-04-25 14:21:40.707,4350009,NULL
4350125,New Zealand XI M,2025-04-19 14:32:48.753,610004,NZL
4350126,Canterbury M,2025-04-27 14:47:15.577,610004,NULL
4350127,Central Districts M,2025-04-27 14:47:35.690,610004,NULL
4350129,Wellington NZ,2025-04-27 14:47:23.130,610004,NULL
4350130,Otago M,2025-04-27 14:47:15.577,610004,NULL
4350131,Zimbabwe A M,2025-04-05 15:06:28.140,610002,NULL
4350132,Tuskers M,2025-03-30 15:07:32.543,6,NULL
4350133,Easterns M,2025-04-27 14:49:31.330,6,NULL
4350135,Southern Rocks M,2025-03-29 14:43:20.420,6,NULL
4350136,Lions M,2025-04-27 14:39:49.720,6,NULL
4350137,North West M,2025-04-27 14:36:04.440,6,NULL
4350138,Titans M,2025-04-27 14:39:49.720,6,NULL
4350139,Warriors M,2025-04-27 14:31:31.453,6,NULL
4350140,Western Province M,2025-04-27 14:49:31.330,6,NULL
4350141,KwaZulu-Natal Inland M,2025-04-27 14:35:51.653,6,NULL
4350142,Northerns M,2025-04-26 14:56:20.153,6,NULL
4350143,Boland M,2025-04-27 14:40:14.587,6,NULL
4350144,Eastern Province M,2025-04-27 14:35:43.923,6,NULL
4350145,Border M,2025-04-27 14:35:43.923,6,NULL
4350146,Limpopo M,2025-04-14 14:45:25.643,6,NULL
4350148,Free State M,2025-04-27 14:35:59.577,6,NULL
4350149,South Western Districts M,2025-04-27 14:49:35.123,6,NULL
4350150,Dolphins M,2025-04-27 14:32:31.887,6,NULL
4350151,Cape Cobras M,2025-04-27 14:39:38.537,6,NULL
4350152,Gauteng M,2025-04-27 14:35:59.577,6,NULL
4350153,KwaZulu-Natal,2025-04-25 14:43:18.400,6,NULL
4350154,Mpumalanga M,2025-04-15 14:41:34.070,6,NULL
4350155,Northern Cape M,2025-04-24 14:39:51.573,6,NULL
4350156,Balochistan M,2025-04-27 14:46:26.590,5,NULL
4350157,Sindh M,2025-04-27 14:51:34.713,5,NULL
4350158,Central Punjab M,2025-04-26 14:38:07.667,5,NULL
4350159,Southern Punjab M,2025-04-26 14:38:11.447,5,NULL
4350160,Khyber Pakhtunkhwa M,2025-04-26 14:53:44.537,5,NULL
4350161,Northern Areas M,2025-04-25 14:23:41.803,5,NULL
4350162,Islamabad United M,2025-04-26 14:09:39.500,5,NULL
4350163,Rawalpindi M,2025-04-25 14:35:31.317,5,NULL
4350164,Lahore Blues M,2025-04-22 14:57:21.780,5,NULL
4350165,Lahore Whites M,2025-04-25 14:35:31.317,5,NULL
4350166,Fed Admin Tribal Areas M,2025-04-24 14:52:43.653,5,NULL
4350167,Peshawar,2025-04-23 14:47:12.087,5,NULL
4350168,Multan Sultans M,2025-04-27 14:04:17.170,5,NULL
4350169,Karachi Whites M,2025-04-24 14:42:46.503,5,NULL
4350170,Habib Bank M,2025-04-04 15:06:34.440,5,NULL
4350171,Khan Research Laboratories M,2025-03-29 15:12:18.570,5,NULL
4350172,National Bank of Pakistan M,2025-04-27 14:42:07.093,5,NULL
4350173,Pakistan Television M,2025-04-12 14:53:00.903,5,NULL
4350175,Sui Southern Gas Corporation M,2025-04-11 15:03:01.873,5,NULL
4350176,Water and Power Devt Authority M,2025-04-27 14:42:07.093,5,NULL
4350178,Faisalabad M,2025-04-24 14:52:43.653,5,NULL
4350179,United Bank Ltd M,2025-04-14 15:02:44.953,5,NULL
4350181,Federal Areas M,2025-04-26 15:06:55.393,5,NULL
4350182,Marleybone Cricket Club M,2025-04-11 15:06:50.920,320001,NULL
4350183,West Indies A M,2025-04-19 14:53:44.333,7,NULL
4350184,New Zealand A M,2025-04-26 14:52:47.113,610004,NZL
4350187,Qatar M,2025-04-27 14:12:52.080,4350012,NULL
4350192,Nepal F,2025-04-23 13:53:29.850,10,NULL
4350195,Kuwait M,2025-04-27 14:12:52.507,4350010,NULL
4350196,Saudi Arabia M,2025-04-26 14:21:23.403,4350016,NULL
4350215,England Lions M,2025-04-27 14:48:29.013,320001,ENG
4350231,Eagles M SAF,2025-04-26 14:55:56.267,6,NULL
4350268,Central Sparks F,2025-04-27 14:03:04.890,320001,NULL
4350283,Leeward Islands F,2025-04-17 14:26:45.327,4350018,NULL
4350285,Lightning F England,2025-04-26 14:21:10.730,320001,NULL
4350286,Malaysia F,2025-04-24 13:56:58.327,11,NULL
4350292,Northern Diamonds F,2025-04-27 14:01:59.883,320001,NULL
4350299,South East Stars F,2025-04-27 14:03:04.890,320001,NULL
4350301,Sunrisers F,2025-04-27 14:09:51.110,320001,NULL
4350304,Thunder F,2025-04-27 14:09:51.110,320001,NULL
4350305,United Arab Emirates F,2025-04-27 14:01:35.467,880001,NULL
4350306,Uganda F,2025-04-27 14:01:55.837,4350009,NULL
4350307,Vanuatu F,2025-04-27 14:01:51.413,4350060,NULL
4350333,India U19 F,2025-04-27 14:13:56.827,610001,IND
4350334,Scotland U19 F,2025-04-27 13:47:25.730,28,NULL
4350335,United Arab Emirates U19 F,2025-04-25 14:11:20.813,28,NULL
4350336,Pakistan U19 F,2025-04-27 13:44:38.457,5,NULL
4350337,Ireland U19 F,2025-04-27 13:47:28.487,4350131,IRE
4350338,Rawnda U19 F,2025-04-21 14:10:54.323,4350052,NULL
4350339,Zimbabwe U19 F,2025-04-20 14:23:39.997,610002,NULL
4350340,New Zealand U19 F,2025-04-27 14:13:44.760,610004,NZL
4350351,Gujarat Giants F,2025-04-27 14:04:10.413,610001,NULL
4350352,Mumbai Indians F,2025-04-27 14:12:59.883,610001,NULL
4350353,Royal Challengers Bangalore F,2025-04-27 14:04:10.413,610001,NULL
4350354,Delhi Capitals F,2025-04-27 14:12:59.883,610001,NULL
4350355,UP Warriorz F,2025-04-27 13:30:08.783,610001,NULL
4350362,Tas 2nd XI M,2025-04-27 14:04:30.567,1,TAS
4350363,Vic 2nd XI M,2025-04-27 13:39:28.407,1,VIC
4350364,NSW 2nd XI M,2025-04-27 13:39:51.013,1,NSW
4350365,Qld 2nd XI M,2025-04-27 13:39:51.013,1,QLD
4350366,SA 2nd XI M,2025-04-27 14:04:30.567,1,SA
4350367,WA 2nd XI M,2025-04-27 13:49:56.567,1,WA
4350368,Welsh Fire F,2025-04-26 14:30:13.677,1620001,-
4350369,Northern Superchargers F,2025-04-27 14:07:47.727,320001,Leeds
4350370,Welsh Fire M,2025-04-26 14:30:08.367,1620001,Wales
4350371,Northern Superchargers M,2025-04-26 14:30:08.367,320001,Leeds
4390001,Northern Districts M,2025-04-27 14:47:35.690,610004,NULL
4390002,Sydney Cricket Club M,2025-04-04 14:59:54.573,1,NULL
4390003,Monash Tigers M,2025-04-04 14:59:58.610,1,VIC
4390004,Lindisfarne M,2025-04-04 14:59:54.573,1,TAS
4390005,Hawkesbury M,2025-04-04 14:59:46.070,1,NSW
4390006,Adelaide University M,2025-04-04 14:59:58.610,1,SA
4390007,Valley M,2025-04-04 14:59:46.070,1,NULL
4390008,Western District,2025-04-04 14:59:49.943,1,NULL
4390009,Fremantle M,2025-04-04 14:59:42.203,1,WA
4390010,CV XI M,2025-04-21 14:37:07.980,1,VIC
4390012,Vic Country U16 F,2025-04-27 14:31:09.057,1,VIC
4390013,Vic Country U19 F,2025-04-24 14:26:31.557,1,VIC
4390014,Vic Metro U16 F,2025-04-27 14:20:06.637,1,VIC
4390015,Vic Metro U19 F,2025-04-24 14:26:31.557,1,VIC
4390016,Victoria U15 F,2025-04-27 14:31:09.057,1,VIC
4390018,NSW Metro U19 F,2025-04-21 14:01:38.277,1,NSW
4390019,ACT/NSW Country U19 F,2025-04-14 14:23:28.680,1,ANC
4400001,Victoria U18 Colts M,2025-04-15 14:33:58.280,1,VIC
4820001,Healy XI F,2025-04-10 14:40:17.820,1,NSW
4860001,Australia 1 M,2025-04-07 14:29:23.707,1,AUS
4860002,Australia 2 M,2025-04-07 14:29:23.707,1,AUS
5140001,Scorpions Practice 1 F,2025-04-18 14:27:31.050,1,SA
5140002,Scorpions Practice 2 F,2025-04-18 14:27:31.050,1,SA
5140003,St Peter's College SA (M),2025-04-11 14:38:19.960,1,NULL
5140004,SA U15 Red F,2025-04-25 13:57:07.157,1,SA
5140005,SA U15 Blue F,2025-04-25 13:57:07.157,1,SA
5140006,SA U19 Red F,2025-04-21 14:28:58.143,1,SA
5140007,SA U19 Blue F,2025-04-21 14:28:58.143,1,SA
5140008,Trial Team 1 F,2025-04-05 14:09:37.750,1,NULL
5140009,Trial Team 2 F,2025-04-05 14:09:37.750,1,NULL
5180001,Vic Blue M,2025-04-21 14:31:04.290,1,VIC
5180002,Vic Yellow M,2025-04-21 14:31:04.290,1,VIC
5180003,Qld U19 F,2025-04-21 14:01:38.277,1,QLD
5180004,Tas U19 F,2025-04-21 14:03:15.603,1,TAS
5180005,NSW U17 M,2025-04-14 14:29:13.290,1,NSW
5180006,Qld Country U19 M,2025-04-26 14:02:16.743,1,QLD
5180008,Australian Blind Team,2025-04-26 13:58:36.773,1,NULL
5180009,Australian Deaf Team,2025-04-17 14:26:31.680,1,NULL
5180010,New Zealand Blind Team,2025-04-17 14:26:44.983,610004,NZL
5180011,England Deaf Team,2025-04-17 14:26:31.680,320001,ENG
5180012,Uganda M,2025-04-17 14:25:09.930,4350009,NULL
5180013,Jamaica F,2025-04-25 14:19:21.747,5180002,JAM
5180014,Trinidad & Tobago F,2025-04-22 14:22:15.450,5180003,NULL
5180015,Guyana F,2025-04-23 14:12:31.303,4390001,NULL
5180016,Windward Islands F,2025-04-20 14:32:45.513,7,NULL
5180017,ACT/NSW Country 2nd XI M,2025-04-21 14:27:01.100,1,ANC
5180018,NSW Country U19 F,2025-04-21 14:02:29.447,1,NSW
5180019,ACT U19 F,2025-04-21 14:01:59.973,1,ACT
5180020,ACT U19 M,2025-04-21 14:12:32.990,1,ACT
5180021,NSW Country U19 M,2025-04-22 14:18:09.253,1,NSW
5180022,NSW Country U16 F,2025-04-27 13:55:42.337,1,NSW
5180023,ACT U16 F,2025-04-27 13:55:52.450,1,ACT
5180024,WA U16 F,2025-04-27 13:55:42.870,1,WA
5180025,SA U16 F,2025-04-27 13:55:52.450,1,SA
5180026,Tas U16 F,2025-04-27 13:55:56.210,1,TAS
5180027,Qld U16 F,2025-04-27 13:55:46.827,1,QLD
5180028,Bangladesh U19 F,2025-04-27 13:47:15.663,330001,BAN
5180029,USA U19 F,2025-04-27 13:44:50.047,540002,NULL
5180031,NSW Country U17 M,2025-04-27 13:49:01.813,1,NSW
5180032,ACT U17 M,2025-04-27 13:49:26.090,1,ACT
5180330,Sri Lanka U19 F,2025-04-27 13:46:20.640,610003,LKA
5180331,First Class Counties XI M,2025-04-26 14:34:29.447,320001,NULL
5180332,South Africa Invitation XI,2025-04-21 14:08:41.373,6,ZFA
5180333,Cheshire M,2025-03-31 14:57:55.673,320001,NULL
5180334,Norfolk M,2025-03-31 14:58:27.930,320001,NULL
5180335,Staffordshire M,2025-03-31 14:58:28.203,320001,NULL
5180336,Devon M,2025-04-02 14:02:27.570,320001,NULL
5180337,Hertfordshire M,2025-04-02 14:02:34.663,320001,NULL
5180338,Dubai Capitals M,2025-04-27 14:05:07.713,880001,NULL
5180339,Abu Dhabi Knight Riders M,2025-04-27 14:05:14.527,880001,NULL
5180340,MI Emirates M,2025-04-27 13:52:37.533,880001,NULL
5180341,Sharjah Warriors M,2025-04-27 13:51:38.017,880001,NULL
5180342,Gulf Giants M,2025-04-27 14:05:07.713,880001,NULL
5180343,Desert Vipers M,2025-04-27 14:05:14.527,880001,NULL
5180344,Oval Invincibles F,2025-04-27 14:15:14.740,320001,NULL
5180345,Southern Brave F,2025-04-27 14:07:47.727,320001,NULL
5180346,London Spirit F,2025-04-27 14:15:14.740,320001,NULL
5180347,Manchester Originals F,2025-04-25 13:55:54.533,320001,NULL
5180348,Trent Rockets F,2025-04-26 14:02:36.850,320001,NULL
5180349,Birmingham Phoenix F,2025-04-27 14:01:04.103,320001,NULL
5180350,Southern Brave M,2025-04-26 14:17:19.077,320001,NULL
5180351,Oval Invincibles M,2025-04-27 14:15:00.127,320001,NULL
5180352,London Spirit M,2025-04-27 14:15:00.127,320001,NULL
5180353,Manchester Originals M,2025-04-27 14:07:35.297,320001,NULL
5180354,Trent Rockets M,2025-04-26 14:02:29.133,320001,NULL
5180355,Birmingham Phoenix M,2025-04-27 14:00:56.907,320001,NULL
5180358,Jaffna Kings M,2025-04-23 14:06:02.357,610003,NULL
5180359,Galle Gladiators M,2025-04-21 14:11:12.853,610003,NULL
5180360,Colombo Stars M,2025-04-23 14:06:02.357,610003,NULL
5180361,Kandy Falcons M,2025-04-22 14:17:28.547,610003,NULL
5180362,Dambulla GIants M,2025-04-20 14:11:05.807,610003,NULL
5180365,West Indies U19 F,2025-04-27 13:46:07.327,7,NULL
5180366,Indonesia U19 F,2025-04-20 14:23:39.997,4350039,NULL
5180367,ACT 2nd XI,2025-04-27 13:20:52.633,1,NULL
5340001,Aus U19 - Trial Squad A M,2025-04-09 14:16:19.677,1,NULL
5340002,Aus U19 - Trial Squad B M,2025-04-09 14:16:19.677,1,NULL
5460001,To Be Confirmed,2025-03-29 14:29:44.227,28,NULL
5460003,To Be Confirmed,2025-04-25 13:54:21.030,28,NULL
5470001,Green Team F,2025-04-27 13:19:55.557,1,AUS
5470002,Gold Team F,2025-04-27 13:19:55.557,1,AUS
5490001,ACT/NSW Country U16 F,2025-04-27 14:20:13.013,1,ANC
5490002,NSW Metro U16 F,2025-04-27 14:20:13.013,1,NSW
5530001,Barbados F,2025-04-25 14:19:21.747,7,BRB
5560001,Kensington CC F,2025-04-25 14:13:33.277,1,NULL
5560002,SA 2nd XI F,2025-04-27 13:20:19.750,1,SA
5560003,WA 2nd XI F,2025-04-26 14:15:21.407,1,WA
5660001,Camberwell Magpies M,2025-04-24 14:06:18.883,1,VIC
5660002,SA U17 Yellow M,2025-04-13 14:00:57.670,1,SA
5660003,SA U17 Country M,2025-04-13 14:00:57.670,1,SA
5860001,Fairbreak XI,2025-04-04 14:16:26.630,1,NULL
6060005,ACT Pathways M (A),2025-04-27 13:59:29.640,28,ACT
6060006,ACT Pathways F (A),2025-04-24 13:55:11.743,28,ACT
6060007,ACT Pathways F (B),2025-04-24 13:55:00.140,1,ACT
6060008,ACT Pathways M (B),2025-04-27 13:59:29.640,28,ACT
6060009,ACT Pathways M (C),2025-04-27 13:59:23.717,28,ACT
6060010,ACT Pathways M (D),2025-04-27 13:59:23.717,28,ACT
6060011,ACT Pathways F (C),2025-04-24 13:55:11.743,1,ACT
6120001,SA Red (F),2025-04-21 13:56:01.373,1,SA
6120002,SA Blue (F),2025-04-21 13:56:01.373,1,SA
6120003,NSW 2nd XI F,2025-04-27 13:20:19.750,1,NULL
6150001,Tas 2nd XI F,2025-04-23 13:59:38.267,1,NULL
6150002,Mumbai Women's Team,2025-04-17 14:10:09.593,610001,NULL
6380001,PNG Emerging Lewas F,2025-04-21 14:01:59.973,2790002,PNG
6380002,Nepal U19 M,2025-04-26 14:10:39.067,10,NULL
6380003,Bangla Tigers M,2025-04-27 13:58:23.377,880001,NULL
6380004,Chennai Braves M,2025-04-25 13:54:15.710,880001,NULL
6380005,Team Abu Dhabi M,2025-04-25 13:54:18.697,880001,NULL
6380006,New York Strikers M,2025-04-27 13:58:08.197,880001,NULL
6380007,Deccan Gladiators M,2025-04-26 13:58:24.987,880001,NULL
6380008,Delhi Bulls M,2025-04-26 13:58:15.950,880001,NULL
6380009,Northern Warriors M,2025-04-26 13:58:22.567,880001,NULL
6380010,Morrisville Samp Army M,2025-04-26 13:58:15.950,540002,NULL
6380011,Peshawar Zalmi M,2025-04-26 14:09:39.500,5,NULL
6380015,Surrey Jaguars M,2025-04-26 14:02:32.717,8,NULL
6380018,Brampton Wolves M,2025-04-27 14:01:00.637,8,NULL
6380019,Mississauga M,2025-04-27 14:01:07.963,8,NULL
6380020,Montreal Tigers M,2025-04-26 14:17:53.407,8,NULL
6380021,Toronto Nationals M,2025-04-27 14:01:00.637,8,NULL
6380022,Vancouver Knights M,2025-04-27 14:01:07.963,8,NULL
6380024,The Blaze,2025-04-27 14:02:51.423,320001,NULL
6380031,Rangpur Riders M,2025-04-27 13:58:14.463,330001,NULL
6380037,NSW Colts M,2025-04-25 13:54:21.327,1,NULL
6380038,VIC Colts M,2025-04-25 13:54:21.327,1,NULL
6380039,Ajman Bolts M,2025-04-27 13:58:23.377,880001,NULL
6380040,UP Nawabs M,2025-04-27 13:58:08.197,880001,NULL
6380041,NT U16 F,2025-04-27 13:55:56.210,1,NULL
6380042,Nigeria U19 F,2025-04-27 13:44:47.077,3630001,NULL
6380043,Nepal U19 F,2025-04-27 13:47:15.663,10,NULL
6380044,Samoa U19 F,2025-04-27 13:44:45.300,4350053,NULL
6380045,Malaysia U19 F,2025-04-27 13:46:20.640,11,NULL
6380046,Guyana Amazon Warriors,2025-04-26 13:58:18.720,880001,NULL
6550003,England Blind Team,2025-04-26 13:58:36.773,320001,NULL
6620001,NT Strike M,2025-04-18 13:59:46.370,1,NULL
6730001,Woodville M,2025-04-27 13:18:49.847,1,SA
6730002,East Torrens M,2025-04-27 13:36:44.363,1,SA
6740001,TAS Greater North / Clarence F,2025-04-27 13:44:14.443,1,TAS
6740002,TAS North Hobart / New Town,2025-04-27 13:44:14.443,1,TAS
